{
    "old_mean": 0.20947265625,
    "old_std": 0.029266357421875,
    "new_mean": 0.0,
    "new_std": 1.0,
    "gain": 34.1689259645464,
    "bias": -7.157455683003128
}