{
    "old_mean": 0.14687655866146088,
    "old_std": 0.3539828062057495,
    "new_mean": 0.0,
    "new_std": 1.0,
    "gain": 2.8249959672299974,
    "bias": -0.4149256858992471
}