{
    "old_mean": 0.10748941451311111,
    "old_std": 0.21803812682628632,
    "new_mean": 0.0,
    "new_std": 1.0,
    "gain": 4.5863538389169545,
    "bias": -0.49298448889514296
}