{
    "old_mean": -6.205389022827148,
    "old_std": 3.3358683586120605,
    "new_mean": 0.0,
    "new_std": 1.0,
    "gain": 0.2997720211045934,
    "bias": 1.8602020091131521
}